SID,SEASON,NUMBER,BASIN,SUBBASIN,NAME,ISO_TIME,NATURE,LAT,LON,WMO_WIND,WMO_PRES,WMO_AGENCY,TRACK_TYPE,DIST2LAND,LANDFALL,IFLAG,USA_AGENCY,USA_ATCF_ID,USA_LAT,USA_LON,USA_RECORD,USA_STATUS,USA_WIND,USA_PRES,USA_SSHS,USA_R34_NE,USA_R34_SE,USA_R34_SW,USA_R34_NW,USA_R50_NE,USA_R50_SE,USA_R50_SW,USA_R50_NW,USA_R64_NE,USA_R64_SE,USA_R64_SW,USA_R64_NW,USA_POCI,USA_ROCI,USA_RMW,USA_EYE,TOKYO_LAT,TOKYO_LON,TOKYO_GRADE,TOKYO_WIND,TOKYO_PRES,TOKYO_R50_DIR,TOKYO_R50_LONG,TOKYO_R50_SHORT,TOKYO_R30_DIR,TOKYO_R30_LONG,TOKYO_R30_SHORT,TOKYO_LAND,CMA_LAT,CMA_LON,CMA_CAT,CMA_WIND,CMA_PRES,HKO_LAT,HKO_LON,HKO_CAT,HKO_WIND,HKO_PRES,NEWDELHI_LAT,NEWDELHI_LON,NEWDELHI_GRADE,NEWDELHI_WIND,NEWDELHI_PRES,NEWDELHI_CI,NEWDELHI_DP,NEWDELHI_POCI,REUNION_LAT,REUNION_LON,REUNION_TYPE,REUNION_WIND,REUNION_PRES,REUNION_TNUM,REUNION_CI,REUNION_RMW,REUNION_R34_NE,REUNION_R34_SE,REUNION_R34_SW,REUNION_R34_NW,REUNION_R50_NE,REUNION_R50_SE,REUNION_R50_SW,REUNION_R50_NW,REUNION_R64_NE,REUNION_R64_SE,REUNION_R64_SW,REUNION_R64_NW,BOM_LAT,BOM_LON,BOM_TYPE,BOM_WIND,BOM_PRES,BOM_TNUM,BOM_CI,BOM_RMW,BOM_R34_NE,BOM_R34_SE,BOM_R34_SW,BOM_R34_NW,BOM_R50_NE,BOM_R50_SE,BOM_R50_SW,BOM_R50_NW,BOM_R64_NE,BOM_R64_SE,BOM_R64_SW,BOM_R64_NW,BOM_ROCI,BOM_POCI,BOM_EYE,BOM_POS_METHOD,BOM_PRES_METHOD,NADI_LAT,NADI_LON,NADI_CAT,NADI_WIND,NADI_PRES,WELLINGTON_LAT,WELLINGTON_LON,WELLINGTON_WIND,WELLINGTON_PRES,DS824_LAT,DS824_LON,DS824_STAGE,DS824_WIND,DS824_PRES,TD9636_LAT,TD9636_LON,TD9636_STAGE,TD9636_WIND,TD9636_PRES,TD9635_LAT,TD9635_LON,TD9635_WIND,TD9635_PRES,TD9635_ROCI,NEUMANN_LAT,NEUMANN_LON,NEUMANN_CLASS,NEUMANN_WIND,NEUMANN_PRES,MLC_LAT,MLC_LON,MLC_CLASS,MLC_WIND,MLC_PRES,USA_GUST,BOM_GUST,BOM_GUST_PER,REUNION_GUST,REUNION_GUST_PER,USA_SEAHGT,USA_SEARAD_NE,USA_SEARAD_SE,USA_SEARAD_SW,USA_SEARAD_NW,STORM_SPEED,STORM_DIR
 ,Year, , , , , , ,degrees_north,degrees_east,kts,mb, , ,km,km, , , ,degrees_north,degrees_east, , ,kts,mb,1,nmile,nmile,nmile,nmile,nmile,nmile,nmile,nmile,nmile,nmile,nmile,nmile,mb,nmile,nmile,nmile,degrees_north,degrees_east,1,kts,mb, ,nmile,nmile, ,nmile,nmile,1,degrees_north,degrees_east,1,kts,mb,degrees_north,degrees_east, ,kts,mb,degrees_north,degrees_east, ,kts,mb,1,mb,mb,degrees_north,degrees_east, ,kts,mb,1,1,nmile,nmile,nmile,nmile,nmile,nmile,nmile,nmile,nmile,nmile,nmile,nmile,nmile,degrees_north,degrees_east, ,kts,mb,1,1,nmile,nmile,nmile,nmile,nmile,nmile,nmile,nmile,nmile,nmile,nmile,nmile,nmile,nmile,mb,nmile, , ,degrees_north,degrees_east,1,kts,mb,degrees_north,degrees_east,kts,mb,degrees_north,degrees_east, ,kts,mb,degrees_north,degrees_east, ,kts,mb,degrees_north,degrees_east,kts,mb,nmile,degrees_north,degrees_east, ,kts,mb,degrees_north,degrees_east, ,kts,mb,kts,kts,second,kts,second,ft,nmile,nmile,nmile,nmile,kts,degrees
2020136N10088,2020,25,NI,BB,AMPHAN,2020-05-15 06:00:00,NR,9.50000,87.5000, , , ,main,662,641,O_____________,jtwc_io,IO012020,9.50000,87.5000, ,DB,20,1007,-3, , , , , , , , , , , , ,1006,150,50, , , , , , , , , , , , , , , , , , , , , , , , , , , , , , , , , , , , , , , , , , , , , , , , , , , , , , , , , , , , , , , , , , , , , , , , , , , , , , , , , , , , , , , , , , , , , , , , , , , , , , , , , , , , , , , , , , , , , , , , ,5,271
2020136N10088,2020,25,NI,BB,AMPHAN,2020-05-15 09:00:00,NR,9.50504,87.2425, , , ,main,631,610,P_____________, ,IO012020,9.50504,87.2425, ,DB,25,1004,-3, , , , , , , , , , , , ,1006,150,50, , , , , , , , , , , , , , , , , , , , , , , , , , , , , , , , , , , , , , , , , , , , , , , , , , , , , , , , , , , , , , , , , , , , , , , , , , , , , , , , , , , , , , , , , , , , , , , , , , , , , , , , , , , , , , , , , , , , , , , , ,5,270
2020136N10088,2020,25,NI,BB,AMPHAN,2020-05-15 12:00:00,TS,9.50000,87.0000, , , ,main,610,589,O_____________,jtwc_io,IO012020,9.50000,87.0000, ,TD,30,1002,-1, , , , , , , , , , , , ,1006,150,50, , , , , , , , , , , , , , , , , , , , , , , , , , , , , , , , , , , , , , , , , , , , , , , , , , , , , , , , , , , , , , , , , , , , , , , , , , , , , , , , , , , , , , , , , , , , , , , , , , , , , , , , , , , , , , , , , , , , , , , , ,5,267
2020136N10088,2020,25,NI,BB,AMPHAN,2020-05-15 15:00:00,TS,9.48499,86.7850, , , ,main,589,569,P_____________, ,IO012020,9.48499,86.7850, ,TD,30,1001,-1, , , , , , , , , , , , ,1006,150,50, , , , , , , , , , , , , , , , , , , , , , , , , , , , , , , , , , , , , , , , , , , , , , , , , , , , , , , , , , , , , , , , , , , , , , , , , , , , , , , , , , , , , , , , , , , , , , , , , , , , , , , , , , , , , , , , , , , , , , , , ,4,270
2020136N10088,2020,25,NI,BB,AMPHAN,2020-05-15 18:00:00,TS,9.50000,86.6000, , , ,main,569,559,O_____________,jtwc_io,IO012020,9.50000,86.6000, ,TD,30,1001,-1, , , , , , , , , , , , ,1006,150,50, , , , , , , , , , , , , , , , , , , , , , , , , , , , , , , , , , , , , , , , , , , , , , , , , , , , , , , , , , , , , , , , , , , , , , , , , , , , , , , , , , , , , , , , , , , , , , , , , , , , , , , , , , , , , , , , , , , , , , , , ,3,287
2020136N10088,2020,25,NI,BB,AMPHAN,2020-05-15 21:00:00,TS,9.58497,86.4500, , , ,main,563,553,P_____________, ,IO012020,9.58497,86.4500, ,TD,32,1000,-1, , , , , , , , , , , , ,1006,150,55, , , , , , , , , , , , , , , , , , , , , , , , , , , , , , , , , , , , , , , , , , , , , , , , , , , , , , , , , , , , , , , , , , , , , , , , , , , , , , , , , , , , , , , , , , , , , , , , , , , , , , , , , , , , , , , , , , , , , , , , ,4,335
2020136N10088,2020,25,NI,BB,AMPHAN,2020-05-16 00:00:00,TS,9.84000,86.4400,25,1000,newdelhi,main,562,557,O___O_________,jtwc_io,IO012020,9.70000,86.3000, ,TS,35,999,0,50,25,60,110, , , , , , , , ,1006,150,60, , , , , , , , , , , , , , , , , , , , , , , ,10.4000,87.0000,D,25,1000,1.50000,3, , , , , , , , , , , , , , , , , , , , , , , , , , , , , , , , , , , , , , , , , , , , , , , , , , , , , , , , , , , , , , , , , , , , , , , , , , , , , , , , , , , , , , , , , , ,6,335
2020136N10088,2020,25,NI,BB,AMPHAN,2020-05-16 03:00:00,TS,10.0900,86.2134,25,1000,newdelhi,main,557,552,P___O_________, ,IO012020,9.78504,86.0700, ,TS,37,998,0,50,27,90,105, , , , , , , , ,1005,182,57, , , , , , , , , , , , , , , , , , , , , , , ,10.7000,86.5000,D,25,1000,1.50000,3, , , , , , , , , , , , , , , , , , , , , , , , , , , , , , , , , , , , , , , , , , , , , , , , , , , , , , , , , , , , , , , , , , , , , , , , , , , , , , , , , , , , , , , , , , ,6,323
2020136N10088,2020,25,NI,BB,AMPHAN,2020-05-16 06:00:00,TS,10.3286,86.0714,25,1000,newdelhi,main,557,557,O___O_________,jtwc_io,IO012020,9.90000,85.9000, ,TS,40,997,0,50,30,120,100, , , , , , , , ,1004,215,55, , , , , , , , , , , , , , , , , , , , , , , ,10.9000,86.3000,D,25,1000,1.50000,3, , , , , , , , , , , , , , , , , , , , , , , , , , , , , , , , , , , , , , , , , , , , , , , , , , , , , , , , , , , , , , , , , , , , , , , , , , , , , , , , , , , , , , , , , , ,4,346
2020136N10088,2020,25,NI,BB,AMPHAN,2020-05-16 09:00:00,TS,10.4925,86.1062,30,998,newdelhi,main,567,567,P___O_________, ,IO012020,10.0850,85.9125, ,TS,45,994,0,50,40,120,105, , , , , , , , ,1004,217,52, , , , , , , , , , , , , , , , , , , , , , , ,10.9000,86.3000,DD,30,998,2.00000,5, , , , , , , , , , , , , , , , , , , , , , , , , , , , , , , , , , , , , , , , , , , , , , , , , , , , , , , , , , , , , , , , , , , , , , , , , , , , , , , , , , , , , , , , , , ,3,16
2020136N10088,2020,25,NI,BB,AMPHAN,2020-05-16 12:00:00,TS,10.6000,86.1500,35,996,newdelhi,main,581,571,O___O_________,jtwc_io,IO012020,10.3000,86.0000, ,TS,50,992,0,50,50,120,110, , , , , , , , ,1004,220,50, , , , , , , , , , , , , , , , , , , , , , , ,10.9000,86.3000,CS,35,996,2.50000,7, , , , , , , , , , , , , , , , , , , , , , , , , , , , , , , , , , , , , , , , , , , , , , , , , , , , , , , , , , , , , , , , , , , , , , , , , , , , , , , , , , , , , , , , , , ,3,5
2020136N10088,2020,25,NI,BB,AMPHAN,2020-05-16 15:00:00,TS,10.7537,86.1250,40,995,newdelhi,main,581,581,P___O_________, ,IO012020,10.5075,86.0500, ,TS,52,989,0,50,50,115,112, , , , , , , , ,1003,207,42, , , , , , , , , , , , , , , , , , , , , , , ,11.0000,86.2000,CS,40,995,2.50000,8, , , , , , , , , , , , , , , , , , , , , , , , , , , , , , , , , , , , , , , , , , , , , , , , , , , , , , , , , , , , , , , , , , , , , , , , , , , , , , , , , , , , , , , , , , ,3,351
2020136N10088,2020,25,NI,BB,AMPHAN,2020-05-16 18:00:00,TS,10.9000,86.1000,40,995,newdelhi,main,586,586,O___O_________,jtwc_io,IO012020,10.7000,86.1000, ,TS,55,987,0,50,50,110,115,30,30,80,80, , , , ,1003,195,35, , , , , , , , , , , , , , , , , , , , , , , ,11.1000,86.1000,CS,40,995,2.50000,8, , , , , , , , , , , , , , , , , , , , , , , , , , , , , , , , , , , , , , , , , , , , , , , , , , , , , , , , , , , , , , , , , , , , , , , , , , , , , , , , , , , , , , , , , , ,3,2
2020136N10088,2020,25,NI,BB,AMPHAN,2020-05-16 21:00:00,TS,11.0750,86.1250,45,994,newdelhi,main,597,597,P___O_________, ,IO012020,10.8500,86.1500, ,TS,57,984,0,52,62,112,117,30,30,82,77, , , , ,1002,202,32, , , , , , , , , , , , , , , , , , , , , , , ,11.3000,86.1000,CS,45,994,3.00000,10, , , , , , , , , , , , , , , , , , , , , , , , , , , , , , , , , , , , , , , , , , , , , , , , , , , , , , , , , , , , , , , , , , , , , , , , , , , , , , , , , , , , , , , , , , ,3,0
2020136N10088,2020,25,NI,BB,AMPHAN,2020-05-17 00:00:00,TS,11.2000,86.1000,45,993,newdelhi,main,603,603,O___O_________,jtwc_io,IO012020,11.0000,86.2000, ,TS,60,982,0,55,75,115,120,30,30,85,75, , , , ,1001,210,30, , , , , , , , , , , , , , , , , , , , , , , ,11.4000,86.0000,CS,45,993,3.00000,11, , , , , , , , , , , , , , , , , , , , , , , , , , , , , , , , , , , , , , , , , , , , , , , , , , , , , , , , , , , , , , , , , , , , , , , , , , , , , , , , , , , , , , , , , , ,2,0
2020136N10088,2020,25,NI,BB,AMPHAN,2020-05-17 03:00:00,TS,11.2962,86.1250,50,990,newdelhi,main,609,609,P___O_________, ,IO012020,11.1925,86.2500, ,TS,65,980,1,65,85,117,130,35,37,87,75,7,7,10,7,1002,220,27, , , , , , , , , , , , , , , , , , , , , , , ,11.4000,86.0000,SCS,50,990,3.00000,12, , , , , , , , , , , , , , , , , , , , , , , , , , , , , , , , , , , , , , , , , , , , , , , , , , , , , , , , , , , , , , , , , , , , , , , , , , , , , , , , , , , , , , , , , , ,3,13
2020136N10088,2020,25,NI,BB,AMPHAN,2020-05-17 06:00:00,TS,11.4500,86.1500,55,988,newdelhi,main,630,630,O___O_________,jtwc_io,IO012020,11.4000,86.3000, ,TY,70,978,1,75,95,120,140,40,45,90,75,15,15,20,15,1003,230,25, , , , , , , , , , , , , , , , , , , , , , , ,11.5000,86.0000,SCS,55,988,3.50000,15, , , , , , , , , , , , , , , , , , , , , , , , , , , , , , , , , , , , , , , , , , , , , , , , , , , , , , , , , , , , , , , , , , , , , , , , , , , , , , , , , , , , , , , , , , ,3,7
2020136N10088,2020,25,NI,BB,AMPHAN,2020-05-17 09:00:00,TS,11.6387,86.1713,65,980,newdelhi,main,636,636,P___O_________, ,IO012020,11.5775,86.3425, ,TY,75,974,1,87,102,135,150,42,45,92,82,17,17,30,20,1003,225,22, , , , , , , , , , , , , , , , , , , , , , , ,11.7000,86.0000,VSCS,65,980,4.00000,22, , , , , , , , , , , , , , , , , , , , , , , , , , , , , , , , , , , , , , , , , , , , , , , , , , , , , , , , , , , , , , , , , , , , , , , , , , , , , , , , , , , , , , , , , , ,5,6
2020136N10088,2020,25,NI,BB,AMPHAN,2020-05-17 12:00:00,TS,11.9000,86.2000,70,978,newdelhi,main,654,637,O___O_________,jtwc_io,IO012020,11.8000,86.4000, ,TY,80,970,1,100,110,150,160,45,45,95,90,20,20,40,25,1003,220,20, , , , , , , , , , , , , , , , , , , , , , , ,12.0000,86.0000,VSCS,70,978,4.00000,25, , , , , , , , , , , , , , , , , , , , , , , , , , , , , , , , , , , , , , , , , , , , , , , , , , , , , , , , , , , , , , , , , , , , , , , , , , , , , , , , , , , , , , , , , , ,9,13
2020136N10088,2020,25,NI,BB,AMPHAN,2020-05-17 15:00:00,TS,12.4675,86.3612,75,972,newdelhi,main,636,629,P___O_________, ,IO012020,12.1350,86.5224, ,TY,100,951,3,105,110,155,170,47,45,90,80,22,27,40,25,1002,222,17, , , , , , , , , , , , , , , , , , , , , , , ,12.8000,86.2000,VSCS,75,972,4.50000,28, , , , , , , , , , , , , , , , , , , , , , , , , , , , , , , , , , , , , , , , , , , , , , , , , , , , , , , , , , , , , , , , , , , , , , , , , , , , , , , , , , , , , , , , , , ,6,14
2020136N10088,2020,25,NI,BB,AMPHAN,2020-05-17 18:00:00,TS,12.5000,86.3500,80,970,newdelhi,main,636,612,O___O_________,jtwc_io,IO012020,12.5000,86.6000, ,TY,120,932,4,110,110,160,180,50,45,85,70,25,35,40,25,1002,225,15,10, , , , , , , , , , , , , , , , , , , , , , ,12.5000,86.1000,VSCS,80,970,4.50000,32, , , , , , , , , , , , , , , , , , , , , , , , , , , , , , , , , , , , , , , , , , , , , , , , , , , , , , , , , , , , , , , , , , , , , , , , , , , , , , , , , , , , , , , , , , ,4,15
2020136N10088,2020,25,NI,BB,AMPHAN,2020-05-17 21:00:00,TS,12.8650,86.4651,90,962,newdelhi,main,612,589,P___O_________, ,IO012020,12.8300,86.5301, ,TY,125,925,4,110,112,165,172,52,47,80,65,27,35,42,27,1000,217,12, , , , , , , , , , , , , , , , , , , , , , , ,12.9000,86.4000,ESCS,90,962,5.00000,40, , , , , , , , , , , , , , , , , , , , , , , , , , , , , , , , , , , , , , , , , , , , , , , , , , , , , , , , , , , , , , , , , , , , , , , , , , , , , , , , , , , , , , , , , , ,7,1
2020136N10088,2020,25,NI,BB,AMPHAN,2020-05-18 00:00:00,TS,13.1500,86.3500,100,952,newdelhi,main,582,558,O___O_________,jtwc_io,IO012020,13.1000,86.4000, ,ST,130,919,4,110,115,170,165,55,50,75,60,30,35,45,30,999,210,10,10, , , , , , , , , , , , , , , , , , , , , , ,13.2000,86.3000,ESCS,100,952,5.50000,50, , , , , , , , , , , , , , , , , , , , , , , , , , , , , , , , , , , , , , , , , , , , , , , , , , , , , , , , , , , , , , , , , , , , , , , , , , , , , , , , , , , , , , , , , , ,5,331
2020136N10088,2020,25,NI,BB,AMPHAN,2020-05-18 03:00:00,TS,13.2713,86.2350,115,936,newdelhi,main,558,551,P___O_________, ,IO012020,13.2425,86.2700, ,ST,135,915,4,110,117,165,160,60,52,72,55,32,37,47,30,999,205,10, , , , , , , , , , , , , , , , , , , , , , , ,13.3000,86.2000,ESCS,115,936,6.00000,66, , , , , , , , , , , , , , , , , , , , , , , , , , , , , , , , , , , , , , , , , , , , , , , , , , , , , , , , , , , , , , , , , , , , , , , , , , , , , , , , , , , , , , , , , , ,3,329
2020136N10088,2020,25,NI,BB,AMPHAN,2020-05-18 06:00:00,TS,13.4000,86.2000,120,930,newdelhi,main,551,529,O___O_________,jtwc_io,IO012020,13.4000,86.2000, ,ST,140,911,5,110,120,160,155,65,55,70,50,35,40,50,30,999,200,10,10, , , , , , , , , , , , , , , , , , , , , , ,13.4000,86.2000,SuCS,120,930,6.50000,72, , , , , , , , , , , , , , , , , , , , , , , , , , , , , , , , , , , , , , , , , , , , , , , , , , , , , , , , , , , , , , , , , , , , , , , , , , , , , , , , , , , , , , , , , , ,4,359
2020136N10088,2020,25,NI,BB,AMPHAN,2020-05-18 09:00:00,TS,13.7100,86.2350,120,930,newdelhi,main,529,518,P___O_________, ,IO012020,13.7200,86.2699, ,ST,142,906,5,115,130,162,160,65,57,67,50,40,37,47,32,998,190,10, , , , , , , , , , , , , , , , , , , , , , , ,13.7000,86.2000,SuCS,120,930,6.50000,72, , , , , , , , , , , , , , , , , , , , , , , , , , , , , , , , , , , , , , , , , , , , , , , , , , , , , , , , , , , , , , , , , , , , , , , , , , , , , , , , , , , , , , , , , , ,7,13
2020136N10088,2020,25,NI,BB,AMPHAN,2020-05-18 12:00:00,TS,14.0500,86.3500,125,926,newdelhi,main,520,487,O___O_________,jtwc_io,IO012020,14.1000,86.4000, ,ST,145,901,5,120,140,165,165,65,60,65,50,45,35,45,35,997,180,10,10, , , , , , , , , , , , , , , , , , , , , , ,14.0000,86.3000,SuCS,125,926,6.50000,76, , , , , , , , , , , , , , , , , , , , , , , , , , , , , , , , , , , , , , , , , , , , , , , , , , , , , , , , , , , , , , , , , , , , , , , , , , , , , , , , , , , , , , , , , , ,8,15
2020136N10088,2020,25,NI,BB,AMPHAN,2020-05-18 15:00:00,TS,14.4750,86.4500,125,926,newdelhi,main,494,467,P___O_________, ,IO012020,14.4500,86.5000, ,ST,142,905,5,130,147,170,172,67,65,60,50,42,35,42,32,998,192,10, , , , , , , , , , , , , , , , , , , , , , , ,14.5000,86.4000,SuCS,125,926,6.50000,76, , , , , , , , , , , , , , , , , , , , , , , , , , , , , , , , , , , , , , , , , , , , , , , , , , , , , , , , , , , , , , , , , , , , , , , , , , , , , , , , , , , , , , , , , , ,8,14
2020136N10088,2020,25,NI,BB,AMPHAN,2020-05-18 18:00:00,TS,14.8500,86.5500,130,920,newdelhi,main,464,446,O___O_________,jtwc_io,IO012020,14.8000,86.6000, ,ST,140,910,5,140,155,175,180,70,70,55,50,40,35,40,30,1000,205,10,10, , , , , , , , , , , , , , , , , , , , , , ,14.9000,86.5000,SuCS,130,920,6.50000,84, , , , , , , , , , , , , , , , , , , , , , , , , , , , , , , , , , , , , , , , , , , , , , , , , , , , , , , , , , , , , , , , , , , , , , , , , , , , , , , , , , , , , , , , , , ,7,16
2020136N10088,2020,25,NI,BB,AMPHAN,2020-05-18 21:00:00,TS,15.1637,86.6500,130,920,newdelhi,main,443,418,P___O_________, ,IO012020,15.1275,86.7001, ,ST,132,917,4,152,160,177,182,70,72,52,50,37,35,35,27,999,207,11, , , , , , , , , , , , , , , , , , , , , , , ,15.2000,86.6000,SuCS,130,920,6.50000,84, , , , , , , , , , , , , , , , , , , , , , , , , , , , , , , , , , , , , , , , , , , , , , , , , , , , , , , , , , , , , , , , , , , , , , , , , , , , , , , , , , , , , , , , , , ,7,15
2020136N10088,2020,25,NI,BB,AMPHAN,2020-05-19 00:00:00,TS,15.5500,86.7500,125,926,newdelhi,main,416,385,O___O_________,jtwc_io,IO012020,15.5000,86.8000, ,TY,125,925,4,165,165,180,185,70,75,50,50,35,35,30,25,999,210,12,15, , , , , , , , , , , , , , , , , , , , , , ,15.6000,86.7000,SuCS,125,926,6.50000,76, , , , , , , , , , , , , , , , , , , , , , , , , , , , , , , , , , , , , , , , , , , , , , , , , , , , , , , , , , , , , , , , , , , , , , , , , , , , , , , , , , , , , , , , , , ,9,13
2020136N10088,2020,25,NI,BB,AMPHAN,2020-05-19 03:00:00,TS,15.9963,86.8537,120,930,newdelhi,main,393,354,P___O_________, ,IO012020,15.9925,86.9074, ,TY,117,933,4,160,165,175,172,72,77,55,55,35,37,30,30,999,210,11, , , , , , , , , , , , , , , , , , , , , , , ,16.0000,86.8000,SuCS,120,930,6.50000,72, , , , , , , , , , , , , , , , , , , , , , , , , , , , , , , , , , , , , , , , , , , , , , , , , , , , , , , , , , , , , , , , , , , , , , , , , , , , , , , , , , , , , , , , , , ,10,12
2020136N10088,2020,25,NI,BB,AMPHAN,2020-05-19 06:00:00,TS,16.5000,86.9500,115,936,newdelhi,main,361,331,O___O_________,jtwc_io,IO012020,16.5000,87.0000, ,TY,110,941,3,155,165,170,160,75,80,60,60,35,40,30,35,1000,210,10,10, , , , , , , , , , , , , , , , , , , , , , ,16.5000,86.9000,ESCS,115,936,6.00000,66, , , , , , , , , , , , , , , , , , , , , , , , , , , , , , , , , , , , , , , , , , , , , , , , , , , , , , , , , , , , , , , , , , , , , , , , , , , , , , , , , , , , , , , , , , ,10,7
2020136N10088,2020,25,NI,BB,AMPHAN,2020-05-19 09:00:00,TS,16.9500,86.9788,110,942,newdelhi,main,324,304,P___O_________, ,IO012020,16.9000,87.0576, ,TY,107,943,3,150,165,165,150,77,82,65,60,35,40,30,35,1000,195,10, , , , , , , , , , , , , , , , , , , , , , , ,17.0000,86.9000,ESCS,110,942,6.00000,60, , , , , , , , , , , , , , , , , , , , , , , , , , , , , , , , , , , , , , , , , , , , , , , , , , , , , , , , , , , , , , , , , , , , , , , , , , , , , , , , , , , , , , , , , , ,9,7
2020136N10088,2020,25,NI,BB,AMPHAN,2020-05-19 12:00:00,TS,17.3500,87.0500,105,946,newdelhi,main,298,246,O___O_________,jtwc_io,IO012020,17.3000,87.1000, ,TY,105,946,3,145,165,160,140,80,85,70,60,35,40,30,35,1000,180,10,10, , , , , , , , , , , , , , , , , , , , , , ,17.4000,87.0000,ESCS,105,946,5.50000,56, , , , , , , , , , , , , , , , , , , , , , , , , , , , , , , , , , , , , , , , , , , , , , , , , , , , , , , , , , , , , , , , , , , , , , , , , , , , , , , , , , , , , , , , , , ,10,7
2020136N10088,2020,25,NI,BB,AMPHAN,2020-05-19 15:00:00,TS,17.9462,87.1176,100,948,newdelhi,main,246,207,P___O_________, ,IO012020,17.7925,87.1351, ,TY,105,945,3,140,162,157,130,82,87,72,67,37,42,32,30,999,190,10, , , , , , , , , , , , , , , , , , , , , , , ,18.1000,87.1000,ESCS,100,948,5.50000,50, , , , , , , , , , , , , , , , , , , , , , , , , , , , , , , , , , , , , , , , , , , , , , , , , , , , , , , , , , , , , , , , , , , , , , , , , , , , , , , , , , , , , , , , , , ,10,8
2020136N10088,2020,25,NI,BB,AMPHAN,2020-05-19 18:00:00,TS,18.3500,87.2000,100,948,newdelhi,main,197,167,O___O_________,jtwc_io,IO012020,18.3000,87.2000, ,TY,105,945,3,135,160,155,120,85,90,75,75,40,45,35,25,999,200,10, , , , , , , , , , , , , , , , , , , , , , , ,18.4000,87.2000,ESCS,100,948,5.50000,50, , , , , , , , , , , , , , , , , , , , , , , , , , , , , , , , , , , , , , , , , , , , , , , , , , , , , , , , , , , , , , , , , , , , , , , , , , , , , , , , , , , , , , , , , , ,8,10
2020136N10088,2020,25,NI,BB,AMPHAN,2020-05-19 21:00:00,TS,18.7137,87.2638,100,948,newdelhi,main,173,153,P___O_________, ,IO012020,18.7275,87.3276, ,TY,102,946,3,130,157,152,110,80,87,72,70,42,45,35,25,998,195,10, , , , , , , , , , , , , , , , , , , , , , , ,18.7000,87.2000,ESCS,100,948,5.50000,50, , , , , , , , , , , , , , , , , , , , , , , , , , , , , , , , , , , , , , , , , , , , , , , , , , , , , , , , , , , , , , , , , , , , , , , , , , , , , , , , , , , , , , , , , , ,9,20
2020136N10088,2020,25,NI,BB,AMPHAN,2020-05-20 00:00:00,TS,19.1500,87.5000,95,952,newdelhi,main,145,118,O___O_________,jtwc_io,IO012020,19.2000,87.5000, ,TY,100,947,3,125,155,150,100,75,85,70,65,45,45,35,25,997,190,10, , , , , , , , , , , , , , , , , , , , , , , ,19.1000,87.5000,ESCS,95,952,5.00000,46, , , , , , , , , , , , , , , , , , , , , , , , , , , , , , , , , , , , , , , , , , , , , , , , , , , , , , , , , , , , , , , , , , , , , , , , , , , , , , , , , , , , , , , , , , ,12,21
2020136N10088,2020,25,NI,BB,AMPHAN,2020-05-20 03:00:00,TS,19.7950,87.6963,95,954,newdelhi,main,118,96,P___O_________, ,IO012020,19.7900,87.6926, ,TY,97,950,3,117,152,145,82,62,80,57,52,32,37,25,20,997,177,10, , , , , , , , , , , , , , , , , , , , , , , ,19.8000,87.7000,ESCS,95,954,5.00000,44, , , , , , , , , , , , , , , , , , , , , , , , , , , , , , , , , , , , , , , , , , , , , , , , , , , , , , , , , , , , , , , , , , , , , , , , , , , , , , , , , , , , , , , , , , ,15,17
2020136N10088,2020,25,NI,BB,AMPHAN,2020-05-20 06:00:00,TS,20.5500,87.9500,90,956,newdelhi,main,104,35,O___O_________,jtwc_io,IO012020,20.5000,87.9000, ,TY,95,953,2,110,150,140,65,50,75,45,40,20,30,15,15,997,165,10, , , , , , , , , , , , , , , , , , , , , , , ,20.6000,88.0000,ESCS,90,956,5.00000,42, , , , , , , , , , , , , , , , , , , , , , , , , , , , , , , , , , , , , , , , , , , , , , , , , , , , , , , , , , , , , , , , , , , , , , , , , , , , , , , , , , , , , , , , , , ,16,13
2020136N10088,2020,25,NI,BB,AMPHAN,2020-05-20 09:00:00,TS,21.3674,88.0853,90,960,newdelhi,main,24,0,P___O_________, ,IO012020,21.3348,88.0706, ,TY,95,953,2,105,147,120,55,42,67,40,37,17,27,12,12,997,160,10, , , , , , , , , , , , , , , , , , , , , , , ,21.4000,88.1000,ESCS,90,960,5.00000,42, , , , , , , , , , , , , , , , , , , , , , , , , , , , , , , , , , , , , , , , , , , , , , , , , , , , , , , , , , , , , , , , , , , , , , , , , , , , , , , , , , , , , , , , , , ,16,14
2020136N10088,2020,25,NI,BB,AMPHAN,2020-05-20 12:00:00,TS,22.0500,88.3500,85,957,newdelhi,main,0,0,O___O_________,jtwc_io,IO012020,22.2000,88.3000, ,TY,95,954,2,100,145,100,45,35,60,35,35,15,25,10,10,997,155,10, , , , , , , , , , , , , , , , , , , , , , , ,21.9000,88.4000,VSCS,85,957,0.00000,36, , , , , , , , , , , , , , , , , , , , , , , , , , , , , , , , , , , , , , , , , , , , , , , , , , , , , , , , , , , , , , , , , , , , , , , , , , , , , , , , , , , , , , , , , , ,16,19
2020136N10088,2020,25,NI,BB,AMPHAN,2020-05-20 15:00:00,TS,22.8325,88.6277,65,968,newdelhi,main,0,0,P___O_________, ,IO012020,22.9649,88.6553, ,TY,82,964,1,97,142,100,42,35,45,32,30,12,17,10,10,998,167,10, , , , , , , , , , , , , , , , , , , , , , , ,22.7000,88.6000,VSCS,65,968,0.00000,34, , , , , , , , , , , , , , , , , , , , , , , , , , , , , , , , , , , , , , , , , , , , , , , , , , , , , , , , , , , , , , , , , , , , , , , , , , , , , , , , , , , , , , , , , , ,16,24
2020136N10088,2020,25,NI,BB,AMPHAN,2020-05-20 18:00:00,TS,23.5000,89.0500,50,978,newdelhi,main,0,0,O___O_________,jtwc_io,IO012020,23.7000,89.1000, ,TY,70,974,1,95,140,100,40,35,30,30,25,10,10,10,10,1000,180,10, , , , , , , , , , , , , , , , , , , , , , , ,23.3000,89.0000,SCS,50,978,0.00000,14, , , , , , , , , , , , , , , , , , , , , , , , , , , , , , , , , , , , , , , , , , , , , , , , , , , , , , , , , , , , , , , , , , , , , , , , , , , , , , , , , , , , , , , , , , ,16,22
2020136N10088,2020,25,NI,BB,AMPHAN,2020-05-20 21:00:00,TS,24.3324,89.2815,45,986,newdelhi,main,0,0,P___O_________, ,IO012020,24.4647,89.5630, ,TY,60,979,0, , , , , , , , , , , , ,1000,180,10, , , , , , , , , , , , , , , , , , , , , , , ,24.2000,89.0000,CS,45,986,0.00000,12, , , , , , , , , , , , , , , , , , , , , , , , , , , , , , , , , , , , , , , , , , , , , , , , , , , , , , , , , , , , , , , , , , , , , , , , , , , , , , , , , , , , , , , , , , ,13,26
2020136N10088,2020,25,NI,BB,AMPHAN,2020-05-21 00:00:00,TS,24.6286,89.6429,40,988,newdelhi,main,0,0,O___O_________,jtwc_io,IO012020,25.2000,90.1000, ,TS,50,984,0, , , , , , , , , , , , ,1000,180,10, , , , , , , , , , , , , , , , , , , , , , , ,24.2000,89.3000,CS,40,988,0.00000,10, , , , , , , , , , , , , , , , , , , , , , , , , , , , , , , , , , , , , , , , , , , , , , , , , , , , , , , , , , , , , , , , , , , , , , , , , , , , , , , , , , , , , , , , , , ,10,37
2020136N10088,2020,25,NI,BB,AMPHAN,2020-05-21 03:00:00,TS,25.0902,89.9078,35,990,newdelhi,main,0,0,P___O_________, ,IO012020,25.8707,90.7235, ,TS,40,992,0, , , , , , , , , , , , ,1000,180,17, , , , , , , , , , , , , , , , , , , , , , , ,24.7000,89.5000,CS,35,990,0.00000,8, , , , , , , , , , , , , , , , , , , , , , , , , , , , , , , , , , , , , , , , , , , , , , , , , , , , , , , , , , , , , , , , , , , , , , , , , , , , , , , , , , , , , , , , , , ,8,26
2020136N10088,2020,25,NI,BB,AMPHAN,2020-05-21 06:00:00,TS,25.3750,90.0500,30,992,newdelhi,main,0,0,O___O_________,jtwc_io,IO012020,26.5000,91.4000, ,TD,30,1000,-1, , , , , , , , , , , , ,1000,180,25, , , , , , , , , , , , , , , , , , , , , , , ,25.0000,89.6000,DD,30,992,0.00000,6, , , , , , , , , , , , , , , , , , , , , , , , , , , , , , , , , , , , , , , , , , , , , , , , , , , , , , , , , , , , , , , , , , , , , , , , , , , , , , , , , , , , , , , , , , ,3,295
2020136N10088,2020,25,NI,BB,AMPHAN,2020-05-21 09:00:00,NR,25.2130,89.6196, , , ,main,0,0,____P_________, ,IO012020, , , ,TD, , ,-5, , , , , , , , , , , , , , , , , , , , , , , , , , , , , , , , , , , , , , ,25.2130,89.6196,DD,25,993, ,5, , , , , , , , , , , , , , , , , , , , , , , , , , , , , , , , , , , , , , , , , , , , , , , , , , , , , , , , , , , , , , , , , , , , , , , , , , , , , , , , , , , , , , , , , , ,4,274
2020136N10088,2020,25,NI,BB,AMPHAN,2020-05-21 12:00:00,NR,25.4000,89.6000,20,995,newdelhi,main,0, ,____O_________, , , , , , , , ,-5, , , , , , , , , , , , , , , , , , , , , , , , , , , , , , , , , , , , , , ,25.4000,89.6000,D,20,995,0.00000,4, , , , , , , , , , , , , , , , , , , , , , , , , , , , , , , , , , , , , , , , , , , , , , , , , , , , , , , , , , , , , , , , , , , , , , , , , , , , , , , , , , , , , , , , , , ,4,0
